review_id,image_file,reviewer_label,exclude,exclude_reason
R001,R001.jpg,,,
R002,R002.jpg,,,
R003,R003.jpg,,,
R004,R004.jpg,,,
R005,R005.jpg,,,
R006,R006.jpg,,,
R007,R007.jpg,,,
R008,R008.jpg,,,
R009,R009.jpg,,,
R010,R010.jpg,,,
R011,R011.jpg,,,
R012,R012.jpg,,,
R013,R013.jpg,,,
R014,R014.jpg,,,
R015,R015.jpg,,,
R016,R016.jpg,,,
R017,R017.jpg,,,
R018,R018.jpg,,,
R019,R019.jpg,,,
R020,R020.jpg,,,
R021,R021.jpg,,,
R022,R022.jpg,,,
R023,R023.jpg,,,
R024,R024.jpg,,,
R025,R025.jpg,,,
R026,R026.jpg,,,
R027,R027.jpg,,,
R028,R028.jpg,,,
R029,R029.jpg,,,
R030,R030.jpg,,,
R031,R031.jpg,,,
R032,R032.jpg,,,
R033,R033.jpg,,,
R034,R034.jpg,,,
R035,R035.jpg,,,
R036,R036.jpg,,,
R037,R037.jpg,,,
R038,R038.jpg,,,
R039,R039.jpg,,,
R040,R040.jpg,,,
R041,R041.jpg,,,
R042,R042.jpg,,,
R043,R043.jpg,,,
R044,R044.jpg,,,
R045,R045.jpg,,,
R046,R046.jpg,,,
R047,R047.jpg,,,
R048,R048.jpg,,,
R049,R049.jpg,,,
R050,R050.jpg,,,
R051,R051.jpg,,,
R052,R052.jpg,,,
R053,R053.jpg,,,
R054,R054.jpg,,,
R055,R055.jpg,,,
R056,R056.jpg,,,
R057,R057.jpg,,,
R058,R058.jpg,,,
R059,R059.jpg,,,
R060,R060.jpg,,,
R061,R061.jpg,,,
R062,R062.jpg,,,
R063,R063.jpg,,,
R064,R064.jpg,,,
R065,R065.jpg,,,
R066,R066.jpg,,,
R067,R067.jpg,,,
R068,R068.jpg,,,
R069,R069.jpg,,,
R070,R070.jpg,,,
R071,R071.jpg,,,
R072,R072.jpg,,,
R073,R073.jpg,,,
R074,R074.jpg,,,
R075,R075.jpg,,,
R076,R076.jpg,,,
R077,R077.jpg,,,
R078,R078.jpg,,,
R079,R079.jpg,,,
R080,R080.jpg,,,
R081,R081.jpg,,,
R082,R082.jpg,,,
R083,R083.jpg,,,
R084,R084.jpg,,,
R085,R085.jpg,,,
R086,R086.jpg,,,
R087,R087.jpg,,,
R088,R088.jpg,,,
R089,R089.jpg,,,
R090,R090.jpg,,,
R091,R091.jpg,,,
R092,R092.jpg,,,
R093,R093.jpg,,,
R094,R094.jpg,,,
R095,R095.jpg,,,
R096,R096.jpg,,,
R097,R097.jpg,,,
R098,R098.jpg,,,
R099,R099.jpg,,,
R100,R100.jpg,,,
R101,R101.jpg,,,
R102,R102.jpg,,,
R103,R103.jpg,,,
R104,R104.jpg,,,
R105,R105.jpg,,,
R106,R106.jpg,,,
R107,R107.jpg,,,
R108,R108.jpg,,,
R109,R109.jpg,,,
R110,R110.jpg,,,
R111,R111.jpg,,,
R112,R112.jpg,,,
R113,R113.jpg,,,
R114,R114.jpg,,,
R115,R115.jpg,,,
R116,R116.jpg,,,
R117,R117.jpg,,,
R118,R118.jpg,,,
R119,R119.jpg,,,
R120,R120.jpg,,,
R121,R121.jpg,,,
R122,R122.jpg,,,
R123,R123.jpg,,,
R124,R124.jpg,,,
R125,R125.jpg,,,
