image_id,true_label,predicted_label,confidence,inference_ms,device,scene_type,difficulty
wwm_0001,cardboard,cardboard,0.9271,46.3,NVIDIA T1200 Laptop GPU,crowded,normal
wwm_0002,cardboard,paper,0.6888,24.8,NVIDIA T1200 Laptop GPU,crowded,normal
wwm_0003,cardboard,metal,0.9137,23.6,NVIDIA T1200 Laptop GPU,single,normal
wwm_0004,cardboard,cardboard,0.4874,26.5,NVIDIA T1200 Laptop GPU,single,normal
wwm_0005,cardboard,metal,0.4786,25.6,NVIDIA T1200 Laptop GPU,single,normal
wwm_0006,cardboard,metal,0.7086,27.8,NVIDIA T1200 Laptop GPU,single,normal
wwm_0007,cardboard,paper,0.541,43.4,NVIDIA T1200 Laptop GPU,crowded,normal
wwm_0008,cardboard,cardboard,0.9634,29.8,NVIDIA T1200 Laptop GPU,single,normal
wwm_0009,cardboard,cardboard,0.9836,39.5,NVIDIA T1200 Laptop GPU,single,normal
wwm_0010,cardboard,paper,0.5174,16.4,NVIDIA T1200 Laptop GPU,single,normal
wwm_0011,cardboard,cardboard,0.5482,25.2,NVIDIA T1200 Laptop GPU,crowded,normal
wwm_0012,cardboard,cardboard,0.8908,45.3,NVIDIA T1200 Laptop GPU,single,normal
wwm_0013,cardboard,paper,0.8191,17.0,NVIDIA T1200 Laptop GPU,crowded,normal
wwm_0014,cardboard,paper,0.7575,26.7,NVIDIA T1200 Laptop GPU,crowded,normal
wwm_0015,cardboard,cardboard,0.4746,24.2,NVIDIA T1200 Laptop GPU,single,normal
wwm_0016,cardboard,cardboard,0.9796,16.9,NVIDIA T1200 Laptop GPU,crowded,normal
wwm_0017,cardboard,cardboard,0.6509,27.4,NVIDIA T1200 Laptop GPU,single,normal
wwm_0018,cardboard,cardboard,0.845,16.6,NVIDIA T1200 Laptop GPU,crowded,normal
wwm_0019,cardboard,metal,0.4235,25.0,NVIDIA T1200 Laptop GPU,crowded,normal
wwm_0020,cardboard,paper,0.9557,16.5,NVIDIA T1200 Laptop GPU,crowded,normal
wwm_0021,cardboard,paper,0.391,44.1,NVIDIA T1200 Laptop GPU,crowded,normal
wwm_0022,glass,plastic,0.7133,25.6,NVIDIA T1200 Laptop GPU,crowded,normal
wwm_0023,glass,glass,0.4845,27.3,NVIDIA T1200 Laptop GPU,single,transparent_hard
wwm_0024,glass,plastic,0.7197,36.6,NVIDIA T1200 Laptop GPU,single,transparent_hard
wwm_0025,glass,glass,0.9708,30.9,NVIDIA T1200 Laptop GPU,single,normal
wwm_0026,glass,paper,0.5678,24.0,NVIDIA T1200 Laptop GPU,single,normal
wwm_0027,glass,plastic,0.4436,34.6,NVIDIA T1200 Laptop GPU,single,transparent_hard
wwm_0028,glass,glass,0.9455,28.1,NVIDIA T1200 Laptop GPU,single,transparent_hard
wwm_0029,glass,plastic,0.3338,38.1,NVIDIA T1200 Laptop GPU,single,normal
wwm_0030,glass,paper,0.8671,28.4,NVIDIA T1200 Laptop GPU,single,normal
wwm_0031,glass,paper,0.5356,42.9,NVIDIA T1200 Laptop GPU,crowded,normal
wwm_0032,glass,plastic,0.882,23.3,NVIDIA T1200 Laptop GPU,crowded,transparent_hard
wwm_0033,glass,plastic,0.4751,41.1,NVIDIA T1200 Laptop GPU,single,transparent_hard
wwm_0034,glass,paper,0.6794,29.8,NVIDIA T1200 Laptop GPU,crowded,normal
wwm_0035,glass,cardboard,0.5398,24.2,NVIDIA T1200 Laptop GPU,crowded,normal
wwm_0036,glass,paper,0.962,25.5,NVIDIA T1200 Laptop GPU,single,normal
wwm_0037,glass,metal,0.5254,27.1,NVIDIA T1200 Laptop GPU,crowded,normal
wwm_0038,glass,glass,0.3224,27.7,NVIDIA T1200 Laptop GPU,crowded,normal
wwm_0039,glass,metal,0.7502,32.2,NVIDIA T1200 Laptop GPU,single,transparent_hard
wwm_0040,glass,metal,0.9267,30.7,NVIDIA T1200 Laptop GPU,crowded,transparent_hard
wwm_0041,glass,metal,0.9665,26.8,NVIDIA T1200 Laptop GPU,crowded,normal
wwm_0042,glass,paper,0.3621,24.9,NVIDIA T1200 Laptop GPU,single,normal
wwm_0043,metal,paper,0.5204,26.3,NVIDIA T1200 Laptop GPU,crowded,normal
wwm_0044,metal,metal,0.5315,28.7,NVIDIA T1200 Laptop GPU,single,normal
wwm_0045,metal,paper,0.6581,45.6,NVIDIA T1200 Laptop GPU,crowded,normal
wwm_0046,metal,paper,0.6369,28.7,NVIDIA T1200 Laptop GPU,crowded,normal
wwm_0047,metal,metal,0.7777,22.8,NVIDIA T1200 Laptop GPU,crowded,normal
wwm_0048,metal,cardboard,0.6931,41.4,NVIDIA T1200 Laptop GPU,single,normal
wwm_0049,metal,cardboard,0.4407,28.0,NVIDIA T1200 Laptop GPU,single,normal
wwm_0050,metal,paper,0.86,27.4,NVIDIA T1200 Laptop GPU,crowded,normal
wwm_0051,metal,paper,0.9297,30.4,NVIDIA T1200 Laptop GPU,crowded,normal
wwm_0052,metal,cardboard,0.4673,23.0,NVIDIA T1200 Laptop GPU,crowded,normal
wwm_0053,metal,metal,0.6717,28.5,NVIDIA T1200 Laptop GPU,single,normal
wwm_0054,metal,metal,0.7742,41.7,NVIDIA T1200 Laptop GPU,crowded,normal
wwm_0055,metal,metal,0.9924,12.4,NVIDIA T1200 Laptop GPU,single,normal
wwm_0056,metal,paper,0.5023,22.7,NVIDIA T1200 Laptop GPU,crowded,normal
wwm_0057,metal,metal,0.991,23.0,NVIDIA T1200 Laptop GPU,crowded,normal
wwm_0058,metal,paper,0.7943,28.8,NVIDIA T1200 Laptop GPU,crowded,normal
wwm_0059,metal,paper,0.3453,26.0,NVIDIA T1200 Laptop GPU,crowded,normal
wwm_0060,metal,paper,0.8856,39.0,NVIDIA T1200 Laptop GPU,crowded,normal
wwm_0061,metal,cardboard,0.5583,27.8,NVIDIA T1200 Laptop GPU,crowded,normal
wwm_0062,metal,paper,0.5203,26.5,NVIDIA T1200 Laptop GPU,crowded,normal
wwm_0063,metal,paper,0.2765,23.0,NVIDIA T1200 Laptop GPU,crowded,normal
wwm_0064,paper,paper,0.9957,46.9,NVIDIA T1200 Laptop GPU,single,normal
wwm_0065,paper,cardboard,0.8181,41.3,NVIDIA T1200 Laptop GPU,crowded,normal
wwm_0066,paper,metal,0.4198,28.8,NVIDIA T1200 Laptop GPU,single,normal
wwm_0067,paper,paper,0.9583,13.7,NVIDIA T1200 Laptop GPU,crowded,normal
wwm_0068,paper,paper,0.4488,27.1,NVIDIA T1200 Laptop GPU,crowded,normal
wwm_0069,paper,cardboard,0.5404,26.9,NVIDIA T1200 Laptop GPU,single,normal
wwm_0070,paper,paper,0.6668,27.7,NVIDIA T1200 Laptop GPU,crowded,normal
wwm_0071,paper,paper,0.8404,25.4,NVIDIA T1200 Laptop GPU,crowded,normal
wwm_0072,paper,paper,0.815,28.7,NVIDIA T1200 Laptop GPU,crowded,normal
wwm_0073,paper,paper,0.9999,28.6,NVIDIA T1200 Laptop GPU,crowded,normal
wwm_0074,paper,cardboard,0.5747,30.5,NVIDIA T1200 Laptop GPU,crowded,normal
wwm_0075,paper,paper,0.4269,34.0,NVIDIA T1200 Laptop GPU,crowded,normal
wwm_0076,paper,paper,0.7719,29.1,NVIDIA T1200 Laptop GPU,crowded,normal
wwm_0077,paper,paper,0.8112,30.0,NVIDIA T1200 Laptop GPU,crowded,normal
wwm_0078,paper,cardboard,0.7147,33.6,NVIDIA T1200 Laptop GPU,single,normal
wwm_0079,paper,paper,0.9331,25.9,NVIDIA T1200 Laptop GPU,crowded,normal
wwm_0080,paper,paper,0.3334,26.2,NVIDIA T1200 Laptop GPU,crowded,normal
wwm_0081,paper,paper,0.7875,27.1,NVIDIA T1200 Laptop GPU,single,normal
wwm_0082,paper,plastic,0.5156,26.5,NVIDIA T1200 Laptop GPU,crowded,normal
wwm_0083,paper,paper,0.8892,29.3,NVIDIA T1200 Laptop GPU,crowded,normal
wwm_0084,plastic,cardboard,0.3323,37.3,NVIDIA T1200 Laptop GPU,crowded,normal
wwm_0085,plastic,plastic,0.4649,29.3,NVIDIA T1200 Laptop GPU,crowded,normal
wwm_0086,plastic,glass,0.9733,30.3,NVIDIA T1200 Laptop GPU,single,transparent_hard
wwm_0087,plastic,plastic,0.4538,33.6,NVIDIA T1200 Laptop GPU,crowded,normal
wwm_0088,plastic,paper,0.5669,35.8,NVIDIA T1200 Laptop GPU,crowded,normal
wwm_0089,plastic,paper,0.4788,34.8,NVIDIA T1200 Laptop GPU,crowded,normal
wwm_0090,plastic,paper,0.7763,44.0,NVIDIA T1200 Laptop GPU,crowded,normal
wwm_0091,plastic,metal,0.3005,43.0,NVIDIA T1200 Laptop GPU,single,normal
wwm_0092,plastic,cardboard,0.4538,27.0,NVIDIA T1200 Laptop GPU,crowded,normal
wwm_0093,plastic,metal,0.4927,32.7,NVIDIA T1200 Laptop GPU,crowded,normal
wwm_0094,plastic,plastic,0.4094,30.6,NVIDIA T1200 Laptop GPU,single,normal
wwm_0095,plastic,paper,0.5272,41.6,NVIDIA T1200 Laptop GPU,single,normal
wwm_0096,plastic,metal,0.3002,48.1,NVIDIA T1200 Laptop GPU,single,normal
wwm_0097,plastic,paper,0.9449,28.6,NVIDIA T1200 Laptop GPU,crowded,normal
wwm_0098,plastic,cardboard,0.341,25.9,NVIDIA T1200 Laptop GPU,single,transparent_hard
wwm_0099,plastic,paper,0.6285,50.6,NVIDIA T1200 Laptop GPU,single,transparent_hard
wwm_0100,plastic,cardboard,0.3355,34.9,NVIDIA T1200 Laptop GPU,single,transparent_hard
wwm_0101,plastic,plastic,0.3278,38.2,NVIDIA T1200 Laptop GPU,crowded,normal
wwm_0102,plastic,cardboard,0.9577,31.1,NVIDIA T1200 Laptop GPU,crowded,normal
wwm_0103,plastic,paper,0.7171,30.7,NVIDIA T1200 Laptop GPU,single,normal
wwm_0104,plastic,plastic,0.7732,30.2,NVIDIA T1200 Laptop GPU,single,transparent_hard
wwm_0105,plastic,plastic,0.4388,27.0,NVIDIA T1200 Laptop GPU,single,normal
wwm_0106,trash,paper,0.949,29.9,NVIDIA T1200 Laptop GPU,crowded,normal
wwm_0107,trash,paper,0.7165,18.5,NVIDIA T1200 Laptop GPU,crowded,normal
wwm_0108,trash,paper,0.423,27.1,NVIDIA T1200 Laptop GPU,crowded,normal
wwm_0109,trash,paper,0.4845,23.2,NVIDIA T1200 Laptop GPU,crowded,normal
wwm_0110,trash,plastic,0.372,31.9,NVIDIA T1200 Laptop GPU,crowded,normal
wwm_0111,trash,cardboard,0.2972,31.6,NVIDIA T1200 Laptop GPU,crowded,normal
wwm_0112,trash,paper,0.6029,31.8,NVIDIA T1200 Laptop GPU,crowded,normal
wwm_0113,trash,paper,0.9328,26.7,NVIDIA T1200 Laptop GPU,crowded,normal
wwm_0114,trash,plastic,0.7092,26.3,NVIDIA T1200 Laptop GPU,crowded,transparent_hard
wwm_0115,trash,paper,0.4992,26.8,NVIDIA T1200 Laptop GPU,crowded,normal
wwm_0116,trash,cardboard,0.4741,19.8,NVIDIA T1200 Laptop GPU,crowded,normal
wwm_0117,trash,metal,0.3653,23.5,NVIDIA T1200 Laptop GPU,crowded,normal
wwm_0118,trash,paper,0.3298,24.3,NVIDIA T1200 Laptop GPU,crowded,normal
wwm_0119,trash,paper,0.4208,31.0,NVIDIA T1200 Laptop GPU,crowded,normal
wwm_0120,trash,paper,0.3671,32.2,NVIDIA T1200 Laptop GPU,single,normal
wwm_0121,trash,cardboard,0.3195,32.6,NVIDIA T1200 Laptop GPU,crowded,normal
wwm_0122,trash,paper,0.5689,46.7,NVIDIA T1200 Laptop GPU,crowded,normal
wwm_0123,trash,cardboard,0.4457,27.8,NVIDIA T1200 Laptop GPU,crowded,normal
wwm_0124,trash,cardboard,0.8252,25.8,NVIDIA T1200 Laptop GPU,crowded,normal
wwm_0125,trash,paper,0.4066,29.8,NVIDIA T1200 Laptop GPU,crowded,normal
